<Toolbar><registered_clients/><Favorites><Application kind="2"/><Application kind="3"/><Application kind="4"/><Application kind="6"/><Application kind="11"/><Application kind="12"/><Application kind="15"/><Application kind="18"/></Favorites><options><stay_on_top>0</stay_on_top><show_legacy_apps>1</show_legacy_apps><tray_icon_style>0</tray_icon_style><hide_when_minimized>0</hide_when_minimized><minimize_clients_on_minimize>1</minimize_clients_on_minimize><allow_remote_connections>0</allow_remote_connections><launch_multiple_clients>0</launch_multiple_clients><toolbar_view>2</toolbar_view><ipv6_service_enabled>0</ipv6_service_enabled><check_for_update>1</check_for_update></options><WindowInfo><left>986</left><top>219</top><WindowState>0</WindowState></WindowInfo></Toolbar>
